bthour,lat_0,lat_1,lat_2,lon_0,lon_1,lon_2,alt_0,alt_1,alt_2,Pamb_0,Pamb_1,Pamb_2,Theta_0,Theta_1,Theta_2,Tamb_0,Tamb_1,Tamb_2,precipitation_0,precipitation_1,precipitation_2,MixedLayer_0,MixedLayer_1,MixedLayer_2,RH_0,RH_1,RH_2,TerrainHeight_0,TerrainHeight_1,TerrainHeight_2,solarFlux_0,solarFlux_1,solarFlux_2
0,76.514,76.514,76.514,-68.534,-68.534,-68.534,50,100,150,941,934.9,929,276.3,277.7,278.7,271.5,272.3,272.8,0,0,0,68,68,68,83.8,80.9,78.5,439.4,439.4,439.4,31.4,31.4,31.4
1,76.599,76.606,76.612,-68.488,-68.489,-68.486,85.6,149.1,207,927.9,919.9,912.6,277.1,278.6,279.9,271.2,271.9,272.6,0,0,0,58.4,57.8,57.1,83,80.1,77.4,512.4,517.9,522.9,29.8,29.9,30
2,76.686,76.7,76.709,-68.395,-68.386,-68.372,138,213.7,278,912,901.9,893.7,277.9,279.8,281.2,270.6,271.6,272.2,0,0,0,46.4,44.9,43.6,82.3,78.9,76.1,595.4,608.1,617.6,28,28.1,28.2
3,76.767,76.787,76.799,-68.246,-68.219,-68.189,202.9,291,362.8,894.5,882.5,873,279.1,281.4,283.4,270.3,271.5,272.5,0,0,0,36.3,34.2,32.7,81,77.5,74.5,684,704.7,719.8,36.3,36.5,36.7
4,76.835,76.862,76.874,-68.046,-67.987,-67.933,278.6,385.7,455.9,876.1,861.1,852.7,280.8,284,284.4,270.3,272.1,271.7,0,0,0,28.6,27.9,32.4,79.9,76.6,78.1,773.9,803.7,811.5,44.6,45,45.2
5,76.895,76.923,76.933,-67.787,-67.676,-67.596,368.3,475.3,532,860.9,847.5,841.1,283.6,284.3,284.6,271.7,271.2,270.9,0,0,0,50.4,63.2,72.9,79.8,81.8,82.9,821.1,838.2,840.9,53.3,54,54.2
6,76.954,76.979,76.985,-67.478,-67.319,-67.213,453.2,541.9,588.6,848.4,837.9,833.1,283.9,284.4,284.7,270.9,270.4,270.2,0,0,0,110.2,138.6,157.2,85.5,86.7,87.3,851,859.9,858.4,118.4,118,116.9
7,77.014,77.033,77.037,-67.163,-66.964,-66.832,519.7,594.2,630.4,838.8,831,827.8,284.1,284.4,284.6,270.1,269.8,269.6,0,0,0,202.3,229.4,217.8,89.5,90.2,90.2,873.7,872.4,866.4,178.6,174.1,175.9
8,77.069,77.081,77.08,-66.87,-66.631,-66.477,571.3,627.2,651.1,831.8,826.7,825.3,284.2,284.4,284.6,269.6,269.4,269.3,0,0,0,258,240.7,231.5,92,92.2,92.3,887.6,880.2,870.9,235.7,241.5,245.2
9,77.114,77.118,77.114,-66.586,-66.312,-66.137,598.8,634.7,647,827.6,825.3,825.3,284.3,284.5,284.5,269.3,269.3,269.3,0,0,0,272.2,260.4,254.6,92.4,92.6,92.8,897.8,884.6,872.3,262.9,269.9,274.4
10,77.151,77.149,77.137,-66.295,-65.999,-65.8,593.6,613.9,622.2,827.3,826.9,819.7,284.4,284.4,284.8,269.3,269.3,269.1,0,0,0,296.5,291.1,239.1,92.2,92.5,93.2,904.1,887.4,949.1,291.1,299.1,302
11,77.184,77.168,77.138,-66.019,-65.694,-65.455,557.3,573.7,593,830.2,818.8,809.9,284.4,284.9,285.4,269.6,269,268.6,0,0,0,329.6,238.2,166.9,91,92.6,94,910.4,1003.1,1069.8,319.5,326.5,331.1
12,77.205,77.159,77.104,-65.747,-65.369,-65.07,505.2,537.5,569.6,825.3,811.2,799.4,284.6,285.3,285.9,269.3,268.7,268.1,0,0,0,262.2,160.2,71.9,90.8,93.2,95.2,1006.5,1110,1190.3,344,348.6,350.9
13,77.2,77.118,77.033,-65.451,-65.002,-64.632,460.8,507,546.4,819.6,802.4,790,284.8,285.7,286.4,269,268.2,267.7,0,0,0,200.7,81.6,115,91.3,94.5,94.8,1102,1220.1,1303.4,363.4,363.9,362.4
14,77.168,77.04,76.921,-65.129,-64.587,-64.138,423.1,477.9,521.5,813.3,794.9,789.4,285.1,286.1,286.4,268.7,267.9,267.6,0,0,0,144.6,169.2,223.3,92.4,93.7,93.5,1196,1319.9,1337.1,377,376.5,351.4
15,77.111,76.925,76.785,-64.769,-64.079,-63.556,395.7,465.2,526.3,806.3,792.4,801.7,285.4,286.2,285.6,268.3,267.7,267.9,0,0,0,153.2,253.4,301.6,92.4,92.8,93.8,1286.9,1360.7,1218.9,364,342.2,293.5
16,77.021,76.789,76.644,-64.308,-63.457,-62.916,397.6,492.7,572.3,794,803.3,814.7,286,285.4,284.7,267.7,267.8,268.2,0,0.1,0.1,248.8,332.5,393.6,91.6,93.8,95.4,1402.2,1234.3,1052.5,353.3,285.2,236.1
17,76.892,76.644,76.497,-63.683,-62.791,-62.264,446.7,544,614.4,793,816.4,831.2,285.9,284.5,283.8,267.4,268.1,268.7,0,0.2,0.3,335.4,408.2,356.8,92.3,95.7,97.4,1369.4,1062.8,854.5,309.4,229,181.4
18,76.744,76.491,76.345,-63.021,-62.149,-61.633,516.8,574.8,613.4,803.8,835.9,856.7,285.1,283.5,282.5,267.6,268.9,269.9,0.1,0.2,0.2,362.1,316.9,249,94.8,97.5,98.5,1205.4,849.7,613.1,202,139.7,107.6
19,76.585,76.328,76.179,-62.417,-61.551,-61.016,561.6,551.9,541.1,822,866.5,895.2,284.2,282,280.7,268.3,270.3,271.6,0.1,0.1,0.1,306.5,226,134.5,96.7,98.5,99.1,993.2,584.3,324.7,117.2,75.7,55.2
20,76.415,76.147,75.995,-61.862,-60.929,-60.383,550.8,457,437.3,851,909.4,926.4,282.8,280.1,279.4,269.6,272.3,273.3,0,0,0,245.5,120.1,93.2,98,99.3,99.6,730.4,279.9,132.2,55.1,32.3,25.9
21,76.237,75.976,75.825,-61.245,-60.27,-59.87,489.1,388.9,378.9,890,929.3,921.5,281,279.3,279.8,271.4,273.5,273.3,0.1,0.1,0.1,161.1,91.8,127.1,98.9,99.4,99.3,426.6,153.5,232.6,32.6,23,26.6
22,76.064,75.814,75.666,-60.497,-59.728,-59.489,435,369.7,357.3,917.3,916.1,914.4,279.7,280.1,280.4,272.8,273.1,273.3,0.2,0.2,0.3,93.2,138.6,174,99.3,99.1,99.1,217.6,288.9,317.7,20,22.1,21.8
23,75.9,75.658,75.51,-59.814,-59.334,-59.195,441.1,370.4,340.3,908.8,907.3,916,280.3,280.8,280.6,272.7,273,273.6,0.3,0.5,0.5,107.3,174.8,179,99,99,99.1,279.3,365.9,320.1,16.5,16.8,15.4
24,75.734,75.494,75.342,-59.375,-59.061,-58.962,442.7,347.8,304.3,896.2,912.6,927.8,281.1,280.8,280.2,272.3,273.4,274.2,0.5,0.3,0.3,194.4,210.2,191.4,99,99.2,99.4,392.8,343.6,253.6,13.6,11.8,10
25,75.564,75.313,75.151,-59.127,-58.853,-58.733,403.1,294.9,249.1,902.9,929.9,949,281,280,279.2,272.9,274.2,275,0.3,0.2,0.2,234.3,198.4,161,99.2,99.4,99.5,373.6,245.7,125.6,8.5,6.1,4.4
26,75.385,75.111,74.942,-58.972,-58.603,-58.411,331,238.8,212.8,921.3,953.5,967.8,280.3,278.9,278.3,273.8,275.1,275.7,0,0,0,230.5,149.7,115.9,99.5,99.5,99.5,283.9,97.5,0,3.1,0.9,0
27,75.201,74.901,74.736,-58.807,-58.263,-58.05,260.6,211.4,205.9,943.5,967.9,968.7,279.4,278.2,278.3,274.7,275.7,275.8,0.1,0.2,0.2,174.5,115.5,124.4,99.6,99.5,99.5,161.4,0,0,2,1.8,1.9
28,75.017,74.694,74.532,-58.574,-57.935,-57.783,217.7,196,186.5,965.2,967.6,965.5,278.4,278.2,278.5,275.6,275.6,275.7,0.2,0.3,0.3,113.8,148.6,184.4,99.7,99.6,99.6,15.3,18.4,47.1,2.4,3.7,2.8
29,74.835,74.486,74.33,-58.315,-57.697,-57.608,191.1,162.7,148.6,970.1,966.8,969.5,278.1,278.3,278.3,275.7,275.6,275.8,0.5,0.5,0.5,121.9,216,226.7,99.7,99.4,99.3,0,59.9,52.8,4.6,3.9,2.6
30,74.65,74.274,74.118,-58.048,-57.501,-57.447,175.8,124.6,111.4,972.1,972.3,977.5,277.9,278,277.9,275.7,275.8,276.1,0.8,0.5,0.8,184,277.4,270,99.5,99.1,98.9,0,55.7,26.5,13.8,10.3,8.4
31,74.438,74.031,73.87,-57.766,-57.257,-57.238,158.8,92.2,81.5,969.6,982.1,984.6,278.2,277.4,277.4,275.7,275.9,276.2,0.3,0.4,0.4,285.4,306.4,325.2,99.3,98.7,98.5,41.7,9.3,0,20.1,15.2,14.2
32,74.194,73.739,73.568,-57.505,-56.953,-57.013,130.9,67.8,59,973.7,985.5,987.6,278.1,277.1,277.4,276,275.9,276.4,0,0,0,348.5,391.3,445.7,99,98,97.5,39.1,7.5,0,24.6,22.5,20.5
33,73.909,73.432,73.237,-57.23,-56.703,-56.869,97.1,54.8,44.4,982.7,984.7,988.6,277.5,277.7,278,276.1,276.5,277.1,0.3,0.3,0.3,408.1,420.1,507.6,98.4,96.6,95.9,0,27.7,6.7,24.1,23.5,19.4
34,73.575,73.13,72.892,-56.931,-56.52,-56.781,69.2,46.1,34.8,985.2,987.6,990.7,277.5,278.2,278.6,276.3,277.3,277.9,0.7,0.5,0.5,492.6,440.3,545.5,97,94.6,94,8.6,13.4,0,24.7,21.3,17.7
35,73.228,72.831,72.552,-56.677,-56.306,-56.596,53.2,38.9,30.3,986.4,990.2,991.2,278.1,278.5,278.7,277,277.7,278,0.8,1,0.8,491.1,473.9,574.7,94.6,91.7,91.4,15.9,0,0,23.4,22.9,22.8
36,72.894,72.547,72.235,-56.451,-55.993,-56.281,44.8,37.6,32.3,989.5,990.2,991.1,278.6,278.7,279,277.7,278,278.3,0.7,0.7,0.1,467.1,463.6,546.3,91.6,86.2,85.6,0,2.5,0,33.7,45.4,41.3
37,72.58,72.296,71.937,-56.18,-55.7,-55.988,43.3,45.7,40.3,989.8,973.7,989.6,278.9,280.3,279.5,278.1,278.1,278.7,0.3,0.1,0.1,416.8,487.4,411.4,85.3,80,76.6,0,139.8,6.5,56.6,82.3,67.9
38,72.289,72.071,71.673,-55.918,-55.529,-55.817,47.9,53,47,985,958.4,982.1,279.8,282.3,280.2,278.6,278.8,278.8,0,0,0,333.3,597.8,296.1,75.8,69.3,71.4,38.3,267.6,73.7,85.8,116.6,117.7
39,72.021,71.865,71.456,-55.794,-55.462,-55.751,50.9,49.3,49.3,976.1,958.6,983.6,280.9,282.3,279.9,279,278.9,278.5,0.1,0,0,393.2,576.2,241.6,67.7,64.2,68.9,121.3,279.1,68.2,101.6,132,138.3
40,71.774,71.684,71.279,-55.809,-55.449,-55.729,52.2,37.6,49.1,980.9,967.1,986.8,280.5,281.4,279.4,278.9,278.7,278.4,0.2,0,0,302.2,471.3,174.7,65.7,62.2,66.6,88.7,225.8,45.4,118.5,141.6,149.3
41,71.559,71.532,71.142,-55.899,-55.441,-55.706,54.3,23.6,47.1,987.7,974.9,989.8,279.9,280.4,279,278.9,278.3,278.2,0.3,0,0,184.7,381.5,119.1,64.6,61.1,64.4,33.9,178.2,25.1,128.8,146.7,154.9
42,71.365,71.403,71.032,-55.971,-55.368,-55.602,56.7,14.1,44.1,990.8,979.1,992.2,280,279.3,278.3,279.2,277.6,277.6,0,0,0,122.2,265.9,84,63.2,61.3,64,6.3,152.8,7.5,109.9,126.8,133.2
43,71.194,71.301,70.937,-55.906,-55.162,-55.356,53.6,10.7,39.8,990.7,979.7,993.4,280,278.1,277.1,279.2,276.4,276.6,0,0,0,109.7,188,75.2,61.9,61,63.7,10.9,151.3,3.6,90.6,107,114.8
44,71.058,71.233,70.864,-55.646,-54.821,-55.011,47.9,13.1,34.4,991.3,978.4,993.6,278.8,276.8,275.7,278.1,275,275.2,0,0,0,94.9,109,68.1,61.6,58.7,63.3,12.3,162.2,11.8,71.4,87.4,92.1
45,70.967,71.183,70.813,-55.248,-54.358,-54.599,42.2,33.6,40.8,994.1,974.9,983.9,276.6,277.3,277.4,276.1,275.2,276.1,0,0,0,74.7,93.1,84.8,64,53.2,56.6,2.2,185.6,102.3,63.5,77.2,77.7
46,70.912,71.137,70.77,-54.772,-53.751,-54.083,46.4,141.6,120.9,990.8,963.2,958.5,276.4,281.9,282.9,275.7,278.8,279.4,0,0,0,77.1,79.6,96.9,60.2,42.3,42.8,41.3,178.7,243.8,49.3,60.4,59.5
47,70.869,71.068,70.707,-54.181,-52.938,-53.424,120.7,181.8,245.4,969.1,970.5,940.7,281.6,281.8,285.6,279.1,279.4,280.5,0,0,0,90,44.1,53.1,44.3,41.4,37.1,156.2,77.8,276.7,30.6,40,35.3
48,70.8,71.035,70.632,-53.42,-52.255,-52.805,295.5,245.5,239.3,943.8,954.6,941.9,285.8,285.3,285.5,281,281.5,280.6,0,0,0,50.2,42.6,25.8,36.1,32,35.8,200.6,156.2,278.1,23.8,26.8,24.7
49,70.727,71.004,70.586,-52.754,-51.757,-52.324,299.5,369.6,260.2,943.1,926.9,948.6,286,288,285.9,281.2,281.8,281.5,0,0,0,22.7,49.2,26.6,34.6,27.8,33.7,209.1,280.6,199.3,12.6,13.3,12.2
50,70.683,70.958,70.562,-52.263,-51.388,-51.935,317.9,429.7,292.8,945.8,902.1,951.4,286.6,289.2,286.2,282.1,280.8,282.1,0,0,0,29.1,46.3,31.3,32.5,28.6,32.5,168,448.8,142.1,0,0,0
51,70.655,70.904,70.547,-51.886,-51.066,-51.587,342.7,476,323,943.2,883.5,937.7,287.3,290.1,287.1,282.5,279.9,281.9,0,0,0,31.1,39.4,28.7,31.6,29.4,31.6,167.6,577.1,237.9,0,0,0
52,70.631,70.829,70.531,-51.559,-50.77,-51.252,367.7,511.5,357.9,929.4,864.7,924.4,288.2,290.9,288.1,282.2,278.9,281.6,0,0,0,28.4,42.3,28.3,31.2,31.4,30.8,270.3,726.8,324.8,0,0,0
53,70.605,70.731,70.508,-51.243,-50.493,-50.921,398.8,528.9,397.8,916.3,851.2,909.4,289,291.4,289,281.8,278.2,281.2,0,0,0,27.9,41.6,31.1,30.9,32.9,30.7,360.6,845.6,426.3,0,0,0
54,70.573,70.609,70.457,-50.934,-50.235,-50.597,431.2,521.1,426.4,902.6,845.6,890.8,289.6,291.5,289.7,281.2,277.7,280.2,0,0,0,30.2,37.9,32.5,31.2,33.8,32.1,457.4,910.8,575.8,84.4,86.3,85
55,70.515,70.46,70.36,-50.637,-49.971,-50.278,446.4,490.9,432.3,886.8,846.8,880.2,290.1,291.3,290.1,280.2,277.7,279.6,0,0,0,29.6,34.6,31.6,32.9,34.3,32.9,595.7,931.2,671.9,170,173,171.1
56,70.42,70.304,70.217,-50.347,-49.635,-49.935,437.7,497.8,427.7,878.5,837.6,874.8,290.3,292.1,290.5,279.6,277.5,279.5,0,0,0,27.1,52.6,39.3,34.1,35.3,33.2,685.7,1016.9,727.7,256.6,257.5,257.6
57,70.278,70.165,70.058,-50.03,-49.224,-49.487,423.6,585.5,500.7,875.9,807.9,844.9,290.4,294.2,292.3,279.5,276.7,278.4,0,0,0,26.3,78.3,64.8,34.1,34.3,33.5,723.6,1218.2,941.2,302.5,301.5,301.5
58,70.105,70.052,69.921,-49.613,-48.781,-48.986,471.3,722.7,664,855,773.8,793,291.7,295.5,295.1,278.8,274.6,276.1,0,0,0,47.1,88.9,91.8,34.5,37.2,33.8,875.9,1425.3,1284.5,346.8,346.7,347.1
59,69.943,69.983,69.831,-49.104,-48.338,-48.514,614.5,857.4,825.9,806.7,745,760,294.5,296.1,295.6,276.9,272.2,273.3,0,0,0,78.7,85.7,85.7,33.2,42.8,40.6,1199.5,1594.6,1467,392.4,392.1,393.4
60,69.821,69.943,69.775,-48.609,-47.911,-48.062,787.9,982.9,966.4,768.1,718.5,729.5,295.2,296.6,296.2,273.7,269.8,270.7,0,0,0,105.9,105.9,105.9,40.5,48.9,47,1421.5,1756.5,1651.5,456.1,456.4,457.7
61,69.746,69.925,69.746,-48.157,-47.513,-47.628,943.1,1101.5,1100.8,736.6,699.1,706.5,295.8,297,296.8,271,268.1,268.7,0,0,0,126.1,126.1,126.1,47.2,53.9,52.3,1600.1,1854.6,1771.4,521.4,520.7,522.3
62,69.698,69.918,69.731,-47.724,-47.139,-47.207,1080.6,1209,1222.3,712.1,681.2,685.9,296.4,297.5,297.4,268.9,266.5,266.9,0,0,0,146.3,146.3,146.3,53.1,58.1,57.2,1730.7,1950,1882,587.1,585.2,587.9
63,69.661,69.915,69.723,-47.302,-46.8,-46.805,1202.3,1314,1335.8,691.6,666.8,669,296.9,297.8,297.8,267.2,265.2,265.4,0,0,0,162.3,153.1,150.2,57.8,62.1,61.1,1836.5,2012.4,1964.9,585.4,583.2,586.1
64,69.627,69.909,69.716,-46.887,-46.497,-46.427,1310.1,1411.9,1440.1,674.2,655.2,655.5,297.4,298,298.1,265.7,264.1,264.2,0,0,0,167.1,154.4,146.6,61.6,65.6,64.8,1929.1,2051.5,2018.5,585,582.6,585.4
65,69.597,69.9,69.71,-46.475,-46.225,-46.066,1411.4,1499.7,1538.2,660.8,644.9,642.9,297.8,298.3,298.4,264.5,263.1,263,0,0,0,163.7,158.5,148.5,65,68.7,68.2,1984.9,2086,2070,585,583.2,586
66,69.569,69.885,69.703,-46.065,-45.975,-45.726,1507,1582.3,1625.2,647.8,635.4,630.7,298,298.5,298.8,263.2,262.2,261.9,0,0,0,146.9,144.8,143,69.7,72.2,71.3,2042.6,2118,2130.9,463.4,462,464.1
67,69.545,69.864,69.695,-45.66,-45.749,-45.414,1587.8,1660.7,1696.7,635.2,625.9,620.3,298.4,298.8,299.2,262.1,261.3,261,0,0,0,140.6,139.9,135.8,72.9,73.9,73,2113.3,2157.6,2189.3,342.1,340.5,343.1
68,69.524,69.842,69.687,-45.268,-45.546,-45.128,1653.7,1731.9,1756.6,624.1,617.4,611.3,298.9,299.2,299.6,261.1,260.6,260.2,0,0,0,131.7,131.8,124.8,74.1,75.1,74.3,2184.6,2192.1,2242.8,221.9,219.6,223
69,69.504,69.811,69.673,-44.906,-45.378,-44.878,1719.8,1794.6,1815.9,613.6,610.1,603.2,299.2,299.4,299.8,260.2,259.9,259.4,0,0,0,115.9,116.9,110.2,77.1,77.4,77.6,2247.2,2218.5,2282.9,176.8,173.8,177
70,69.479,69.765,69.647,-44.585,-45.247,-44.671,1794.3,1853,1882.9,603.9,604,595.7,299.5,299.5,300,259.3,259.3,258.7,0,0,0,97.9,103.6,94.3,80.3,80.3,80.6,2294.3,2234.8,2309.2,131.3,127,130.6
71,69.451,69.703,69.611,-44.313,-45.144,-44.509,1872.7,1916.8,1955.9,594.4,598.1,588.3,299.9,299.6,300.2,258.4,258.6,258,0,0,0,74.6,91.8,75.8,83,83.7,83.4,2334.1,2242.7,2327.8,85.5,79.7,83.9
72,69.412,69.625,69.559,-44.083,-45.051,-44.38,1938.5,1976.3,2018,586.7,593.1,582.6,300.2,299.7,300.5,257.8,258.1,257.4,0,0,0,70.2,93.4,75,85.9,87,85.9,2366.4,2245.7,2339.7,58.2,53.2,56.6
73,69.354,69.533,69.486,-43.864,-44.945,-44.251,1977.2,2016.5,2055.7,581.9,589.9,579.1,300.4,299.7,300.5,257.3,257.7,257,0,0,0,69.3,95.7,75,89.6,90.5,89.2,2390.1,2246.4,2349.2,29.5,26.8,28.7
74,69.275,69.428,69.39,-43.632,-44.818,-44.097,1989,2033.3,2069.3,579.5,588.6,577.1,300.2,299.7,300.4,256.9,257.5,256.7,0,0,0,66.8,96.7,74.8,94.9,94.3,94.2,2409.8,2247.6,2361,0,0,0
75,69.181,69.308,69.275,-43.37,-44.659,-43.901,1986.2,2031,2069.4,578.1,588.3,576.1,300.3,299.6,300.4,256.7,257.4,256.5,0,0,0,67.4,98,75.8,96.1,96.1,96,2431.1,2253.4,2375.2,0,0,0
76,69.071,69.17,69.147,-43.069,-44.461,-43.66,1976,2018.6,2067.7,577.1,588.4,575.2,300.3,299.6,300.4,256.6,257.4,256.5,0,0,0,71.4,95.7,77.1,97.2,97.7,97.3,2455.8,2265.8,2389.8,0,0,0
77,68.95,69.021,69.01,-42.718,-44.231,-43.365,1950.1,2003.2,2058.5,576.4,588,574.4,300.5,299.7,300.5,256.7,257.4,256.4,0,0,0,73.1,89.5,81.9,97.1,98.6,98.4,2491.6,2286.1,2409.9,0,0,0
78,68.819,68.854,68.863,-42.346,-43.973,-43.037,1912.7,1990.5,2036.2,575.6,585.3,572.8,300.8,299.9,300.7,256.8,257.3,256.4,0,0,0,61.8,98.6,82.8,94.1,97.4,96.9,2539.2,2330.9,2450.7,55.2,58.6,56.8
79,68.676,68.663,68.707,-41.973,-43.683,-42.702,1878.2,1976.7,2010.7,574.5,583.3,571.3,301,300.2,301,256.9,257.3,256.5,0,0,0,69.5,109.2,77.6,92.5,95.1,95.3,2586.3,2368,2493.6,110,116.8,113.5
80,68.516,68.462,68.543,-41.576,-43.357,-42.356,1875.1,1966.6,1996.3,571.8,580.7,568.9,301.3,300.6,301.3,256.8,257.3,256.4,0,0,0,85,106.1,97.6,92.9,93.9,96,2624.5,2409.7,2537.8,164.5,176.4,170.2
81,68.333,68.25,68.362,-41.145,-43.007,-41.996,1905.8,1956.6,1987.8,566.8,577.8,565.8,301.6,301,301.6,256.4,257.3,256.3,0,0,0,162.5,184.5,207.8,91.2,91.5,94.8,2656.4,2454.5,2583.8,199,220.6,208.2
82,68.127,68.005,68.147,-40.673,-42.631,-41.601,1946.4,1929.2,1980.6,563.2,576,564,301.8,301.3,301.8,256.1,257.3,256.2,0,0,0,304.1,332.4,314.6,90.5,87.9,92.4,2660.9,2502.6,2612.7,225.7,264.3,245.1
83,67.92,67.72,67.899,-40.155,-42.192,-41.139,1989.9,1910.4,1982.2,563.7,574.8,564,301.5,301.2,301.6,255.9,257,256,0.2,0,0,466.9,481.6,478.7,96.7,89.3,93.2,2608.9,2533.4,2609,245.3,295,273.7
84,67.716,67.4,67.638,-39.645,-41.665,-40.624,2023.4,1929.6,2008.3,569.8,576.3,569.7,301.2,300.9,301.2,256.4,257,256.4,0.2,0.2,0.1,502.8,616.5,590.2,93.4,91.2,94.9,2495.4,2489.5,2505.6,311.6,357.1,332.8
85,67.506,67.066,67.377,-39.19,-41.072,-40.126,2036.8,1967.4,2030.6,578.4,583.4,580.4,300.8,300.2,300.4,257.1,257.3,257.1,0.1,0.1,0.2,596.2,695.1,675.6,93.4,95.5,96.8,2369.1,2356.9,2343.4,379.4,414.1,392.5
86,67.296,66.744,67.114,-38.792,-40.493,-39.691,2042.2,1982.2,2023.7,587.4,602.6,593.6,300.3,298.9,299.6,257.8,258.5,258.1,0,0,0,767.9,772,798.2,97.2,97.4,98.9,2245.6,2098.8,2176.3,448.5,414.4,456.5
87,67.072,66.432,66.841,-38.446,-39.964,-39.305,2041.4,1916.3,2005.7,597.2,631.7,609.5,299.8,297.2,298.8,258.7,260.5,259.3,0.1,0.8,0.2,850.3,804.8,824,94.7,97.8,97.9,2115.7,1804.8,1992.3,452.7,333,412.4
88,66.836,66.129,66.552,-38.091,-39.389,-38.92,2016.6,1761,1986.4,626.4,665,631.5,298.2,295.7,297.8,260.6,263.1,261.1,0.2,1,0.4,773.5,730.9,759.2,95,96.2,96.4,1794.1,1560.4,1743.7,402.2,252.3,338
89,66.599,65.848,66.265,-37.604,-38.692,-38.421,1950.4,1627.2,1951.8,658.5,736.6,690.2,296.5,292,294.3,262.6,267.3,264.3,0.3,1.5,1.1,558.7,480.6,506.5,91.1,97,96.3,1493.9,912.1,1110.9,327.7,159.9,232.3
90,66.381,65.659,66.059,-36.955,-37.751,-37.533,1970.7,1420.5,1835.9,673.7,821.9,752.3,295.6,287.2,290.1,263.5,271.5,267.3,0.1,0.3,0.3,421,223,231,89.2,98.9,96.7,1293.3,236.7,536,193.4,60.8,89.8
91,66.219,65.542,65.959,-36.2,-36.684,-36.48,2050.6,1267,1857.6,715.3,835.4,764.3,292.3,286.7,289.3,265.2,272.3,267.9,0.1,0.1,0.1,350.1,295.7,292.1,93.6,98.8,97.5,744.4,258.9,383.4,147.2,53.6,82.7
92,66.134,65.447,65.92,-35.39,-35.617,-35.544,2063.2,1184.4,1854.4,750.1,865.4,791.8,289.9,285.6,287.8,266.7,274,269.2,0,0,0,378.9,270.3,324.5,95.5,97.3,97.3,348,59.3,107.8,82.7,52.9,70.6
93,66.063,65.353,65.871,-34.636,-34.67,-34.735,2087.9,1149.2,1886.8,771.1,875.4,799.1,288.5,285.4,287.6,267.8,274.7,269.7,0.1,0,0.1,368.6,236.2,356.7,96.2,94.4,95.5,89.5,0,0,46.6,49.5,43.4
94,65.987,65.241,65.796,-33.978,-33.866,-34.053,2100.7,1106.6,1913.6,777.7,879.9,796.2,288,285.5,287.7,268,275.2,269.5,0.2,0,0.2,287.5,206.1,276.8,96.7,90,95.2,0,0,0,32.4,43.9,34.8
95,65.888,65.095,65.691,-33.39,-33.183,-33.457,2095.6,1081.7,1917.5,777.9,882.3,795.5,288.2,285.6,287.8,268.2,275.5,269.5,0.2,0.1,0.2,203.6,201.7,211.3,97.8,86.8,96.6,0,0,0,21.6,25.2,22.6
96,65.763,64.918,65.559,-32.829,-32.598,-32.897,2056.5,1087,1888.5,781.6,881.5,798.1,288.6,285.7,287.9,268.9,275.5,269.9,0.1,0,0.1,144.7,207.3,162.5,97,87.2,96.5,0,0,0,16.9,18.1,16.5
97,65.611,64.725,65.398,-32.304,-32.094,-32.381,2005.7,1097,1848,786.4,880.1,801.9,288.9,285.8,288,269.7,275.5,270.3,0,0,0,118,224.8,141,94.5,87.8,95.1,0,0,0,9.9,10.4,9.7
98,65.431,64.52,65.209,-31.841,-31.662,-31.939,1966.9,1109.7,1820.7,790,878.4,804.3,289.1,285.9,288,270.2,275.5,270.6,0,0,0,114.4,232.3,135.7,91.3,86.8,93.6,0,0,0,0,0,0
99,65.231,64.297,65.004,-31.45,-31.296,-31.578,1933,1105.6,1798.5,793.1,878.7,806.2,289.2,286,288,270.6,275.6,270.8,0,0,0,125.2,242.9,144.6,90,85.9,93.5,0,0,0,0,0,0
100,65.018,64.055,64.786,-31.117,-31.009,-31.263,1890.3,1087.5,1765.6,797.1,880.5,809.3,289.1,286.1,287.9,270.9,275.9,271,0,0.1,0,132.6,265.5,166.6,89.7,85.5,95,0,0,0,0,0,0
101,64.792,63.801,64.555,-30.825,-30.811,-30.983,1843.1,1087.3,1726,801.6,880.3,813,288.9,286.2,287.7,271.1,276,271.2,0,0.1,0,155.1,296,194,91,86.9,96.8,0,0,0,0,0,0
102,64.552,63.537,64.31,-30.566,-30.674,-30.753,1806.4,1089.6,1695.9,805.1,879.8,815.9,288.6,286.2,287.7,271.3,275.9,271.5,0,0,0,186.1,319.7,225.7,92.4,86.4,96,0,0,0,14.5,15.6,15.2
103,64.3,63.256,64.052,-30.355,-30.576,-30.587,1787.2,1069.8,1683,806.7,881.7,817,288.5,286.1,287.7,271.3,276,271.5,0,0,0,216,352.1,257.5,93.1,85.8,95.9,0,0,0,30.4,30.3,31.7
104,64.038,62.951,63.782,-30.217,-30.522,-30.483,1778.8,1028.2,1676.2,807.3,886,817.5,288.4,286.1,287.7,271.2,276.3,271.5,0,0,0,246,396.1,287.5,93.5,85.2,96.4,0,0,0,47.7,44.2,47.1
105,63.771,62.637,63.502,-30.123,-30.512,-30.406,1774.3,991.3,1665.7,807.4,889.8,818.3,288.8,285.8,287.9,271.6,276.4,271.9,0,0,0,281.4,427,316.1,90.8,86,94.1,0,0,0,59.7,56.9,59
106,63.504,62.333,63.221,-30.038,-30.526,-30.346,1771.8,975.6,1653.7,807.4,891.3,819.3,289,285.8,288,271.8,276.5,272,0,0,0,307.3,462.6,334.7,89.3,85.7,93.1,0,0,0,70.9,69,70.6
107,63.243,62.034,62.946,-29.979,-30.551,-30.32,1771.6,971.1,1644.6,807.2,891.7,820,288.9,285.9,287.9,271.7,276.7,272,0,0,0,323.1,505.9,345,89,83.9,93.2,0,0,0,81.9,80.2,82.4
108,62.988,61.744,62.676,-29.964,-30.615,-30.33,1771.6,972.3,1638.7,807,891.4,820.5,288.8,285.8,287.9,271.6,276.6,272.1,0,0,0,315.9,534,365.7,89.7,84.7,92.7,0,0,0,138.9,159.1,138.7
109,62.739,61.464,62.41,-29.995,-30.745,-30.386,1770.6,975.6,1634.7,807,890.9,820.7,288.9,285.7,288,271.7,276.4,272.1,0,0,0,316.4,579.5,403.4,89.8,86.5,92.4,0,0,0,197.4,228.1,196.1
110,62.492,61.196,62.15,-30.08,-30.923,-30.51,1770.1,970.8,1633.3,806.8,891.2,820.7,288.9,285.6,288,271.7,276.4,272.2,0,0,0,343,632.4,464.7,89.9,90.3,92,0,0,0,255.4,294.1,254.8
111,62.248,60.93,61.895,-30.213,-31.146,-30.683,1767.9,958.3,1632.2,806.8,892.3,820.6,289.2,285.6,288.3,272,276.4,272.4,0,0,0,374.5,661.3,516.9,86.8,89.5,89.7,0,0,0,268.1,316.8,271.2
112,62.002,60.659,61.642,-30.376,-31.416,-30.881,1761.8,949.4,1629.9,807.2,893.1,820.6,289.5,285.5,288.5,272.3,276.4,272.6,0,0,0,422.5,672.8,561.8,84.7,87.7,88.8,0,0,0,280.7,357,287.2
113,61.758,60.387,61.384,-30.569,-31.719,-31.121,1753.9,946.5,1628.5,807.8,893.2,820.5,289.6,285.4,288.4,272.4,276.3,272.5,0,0,0,475.1,677.1,609.8,84,89,89.2,0,0,0,294.5,384.7,299.4
114,61.517,60.118,61.127,-30.788,-32.034,-31.396,1749.2,946.5,1627.6,808,893,820.4,289.7,285.4,288.6,272.5,276.3,272.7,0,0,0,475.4,655.7,600.1,82.8,90.7,87.5,0,0,0,230,301.2,239.2
115,61.28,59.858,60.89,-31.027,-32.351,-31.683,1748.2,946.5,1626.8,807.9,892.9,820.3,289.8,285.4,289,272.7,276.3,273,0,0,0,475.4,671.6,598.5,81.2,90.2,85.4,0,0,0,164.2,205.8,180.7
116,61.056,59.606,60.674,-31.288,-32.667,-31.97,1748.1,946.5,1626.3,807.7,892.9,820.2,290.2,285.2,289.1,273,276.1,273.1,0,0,0,481.5,657.4,602.1,78.9,90.5,84.3,0,0,0,100.5,103.4,111.6
117,60.85,59.37,60.463,-31.557,-32.983,-32.261,1751.9,951.4,1633.9,807.1,892.2,819.2,290.1,285.3,288.8,272.9,276.1,272.8,0,0,0,451.5,644.4,573.9,79.7,90.9,86.3,0,0,0,81,74,83.5
118,60.652,59.159,60.256,-31.824,-33.304,-32.57,1769.9,961.2,1655.4,805.1,891,816.7,290,285.3,288.6,272.5,276,272.4,0,0,0,422.1,637.4,572.9,80.7,91.8,88.7,0,0,0,57.9,51.5,54.1
119,60.457,58.975,60.068,-32.092,-33.623,-32.909,1810,960.3,1682.1,801,890.9,813.7,290.1,285.2,288.5,272.2,276,271.9,0,0,0,413.2,617.1,593,80.6,93.1,91.7,0,0,0,31.6,32,25.2
120,60.274,58.814,59.9,-32.367,-33.953,-33.264,1853.1,949.4,1701.1,796.6,892,811.6,290.6,285.2,288.8,272.3,276.1,272,0,0,0,428.8,603.1,594.3,79.1,90.9,91,0,0,0,19.9,20.4,16.5
121,60.108,58.668,59.744,-32.649,-34.323,-33.623,1880,944.1,1708.8,793.9,892.5,810.7,290.9,285.3,289,272.3,276.2,272.2,0,0,0,448.6,581.6,599.8,79,89,89.4,0,0,0,9.1,10.3,8.7
122,59.954,58.534,59.607,-32.931,-34.731,-34.003,1890.7,950,1704.9,792.7,891.8,811.1,291.1,285.3,289.1,272.4,276.1,272.3,0,0,0,468.3,538.1,626.8,78.5,89.9,88.8,0,0,0,0,0,0
123,59.816,58.412,59.48,-33.218,-35.157,-34.396,1895,960.7,1702.4,792.3,890.5,811.3,291.4,285.3,289.3,272.6,276,272.5,0,0,0,441.3,553.4,597.8,78.1,90.5,87.7,0,0,0,0,0,0
124,59.693,58.301,59.358,-33.51,-35.585,-34.797,1904.2,972.8,1715.5,791.3,889.2,809.9,291.7,285.4,289.3,272.7,276,272.4,0.1,0,0,431.9,603.5,583.5,77.1,91.1,87.6,0,0,0,0,0,0
125,59.579,58.204,59.247,-33.801,-35.997,-35.218,1920.7,979.8,1746.1,789.6,888.3,806.7,292,285.4,289.4,272.8,275.9,272.2,0.1,0,0,428.4,643.3,572.4,75.9,93.8,88,0,0,0,0,0,0
126,59.472,58.12,59.144,-34.087,-36.397,-35.634,1940.5,984,1782.7,787.7,888,803.2,292.1,285.7,289.6,272.8,276.1,272,0,0,0,413.1,629.1,542.6,75.2,90.5,89.2,0,0,0,35.3,19.2,30.2
127,59.372,58.052,59.055,-34.366,-36.792,-36.034,1960.9,990.8,1813.4,785.7,887.3,800.2,292.2,285.8,289.7,272.7,276.2,271.8,0,0,0,393.2,629.4,523.7,75,88.9,90.1,0,0,0,75.1,37.7,47.5
128,59.276,58.002,58.984,-34.631,-37.172,-36.426,1982.1,994.2,1842.2,783.6,887,797.4,292.2,285.8,289.9,272.5,276.2,271.7,0,0,0,374.4,623.1,509.6,74.9,89.2,90.1,0,0,0,118.2,58.8,68.4
129,59.183,57.967,58.928,-34.889,-37.558,-36.798,2002,994.3,1872,781.6,886.9,794.4,292.3,285.8,290.3,272.4,276.2,271.7,0,0,0,398.8,601,497.5,75.3,88.7,88,0,0,0,161.3,87.2,82.6
130,59.098,57.945,58.886,-35.142,-37.97,-37.138,2019.1,991.1,1897.9,779.9,887.2,791.8,292.3,285.8,290.5,272.2,276.2,271.7,0,0,0,406.2,579.8,481.6,75.6,88.4,87,0,0,0,196,116,97.3
131,59.023,57.939,58.856,-35.387,-38.397,-37.458,2033.1,985.9,1917.4,778.4,887.6,789.8,292.4,285.8,290.7,272.1,276.2,271.7,0,0,0,407,558.9,461.8,75.5,87.9,86.3,0,0,0,215.2,140.3,119.9
132,58.963,57.939,58.832,-35.624,-38.836,-37.761,2043.1,986.3,1931.1,777.3,887.4,788.3,292.4,285.9,290.8,272.1,276.2,271.6,0,0,0,416.3,529.5,451.4,75.4,87.3,86,0,0,0,303.1,168.8,184.1
133,58.915,57.942,58.814,-35.852,-39.277,-38.049,2048.8,993.7,1938.4,776.6,886.5,787.5,292.4,285.9,290.9,272,276.2,271.6,0,0,0,417.7,513.5,436.7,75.8,87.8,86.3,0,0,0,400.6,222.8,241.2
134,58.873,57.953,58.804,-36.065,-39.715,-38.326,2050.7,1003.7,1939.5,776.3,885.3,787.3,292.4,285.9,290.9,271.9,276.1,271.6,0,0,0,414,511.9,427.6,76.8,88,86.5,0,0,0,499.3,337.1,305.4
135,58.841,57.971,58.803,-36.268,-40.145,-38.586,2050.7,1015.6,1938.6,776.1,884,787.3,292.5,285.9,290.9,272,276,271.6,0,0,0,376.4,492.5,414.2,75.3,88.4,85.9,0,0,0,485.3,364.7,306.8
136,58.824,57.99,58.816,-36.46,-40.559,-38.82,2050.4,1027,1938.6,776,882.6,787.1,292.6,286,290.9,272.1,275.9,271.6,0,0,0,355.2,471.7,388.7,74.1,89.2,85.8,0,0,0,463.4,373.9,303
137,58.821,58.01,58.843,-36.632,-40.952,-39.032,2049,1032.3,1938.8,776,881.9,787,292.8,286.1,290.9,272.2,275.9,271.6,0,0,0,345.7,467.1,354.6,73,89.7,86.3,0,0,0,436.3,421.1,298.1
138,58.829,58.035,58.883,-36.789,-41.33,-39.228,2047.3,1035.4,1937.3,776,881.6,787.1,292.5,286,290.8,272,275.8,271.6,0,0,0,313.1,447.8,351.7,75,89.9,86.1,0,0,0,303.9,295,234.6
139,58.845,58.073,58.935,-36.94,-41.703,-39.416,2046.3,1042.3,1933.7,776,880.8,787.4,292.3,285.9,290.8,271.8,275.7,271.5,0,0,0,269.8,431.8,340.5,76,89.6,85.9,0,0,0,206,178.4,161.2
140,58.867,58.123,59,-37.084,-42.067,-39.596,2046.4,1051.2,1929.9,775.8,879.8,787.7,292.2,285.9,290.7,271.7,275.6,271.5,0,0,0,218.2,420.8,321.6,76.5,89.2,85.5,0,0,0,131.4,88.2,80
141,58.9,58.184,59.077,-37.228,-42.429,-39.755,2047.7,1056.9,1922,775.5,879.1,788.3,292.1,285.8,290.7,271.6,275.5,271.5,0,0,0,193.8,407.4,287.3,76.9,89.9,85,0,0,0,92.3,68.7,59.2
142,58.947,58.254,59.167,-37.369,-42.799,-39.88,2049.6,1056.9,1904.8,775,879,789.8,292.1,285.8,290.6,271.5,275.4,271.6,0,0,0,162.2,387.4,250.8,76.8,89.9,85.1,0,0,0,58.1,46.3,38.6
143,59.008,58.331,59.271,-37.504,-43.178,-39.974,2050.8,1053.3,1880.8,774.7,879.3,792,292.1,285.6,290.5,271.5,275.3,271.7,0,0,0,125.5,372.4,208.2,76.3,90,85.8,0,0,0,27.9,20.3,18.2
144,59.079,58.414,59.385,-37.622,-43.553,-40.031,2046.6,1055.3,1863.2,774.8,878.9,793.5,292.2,285.7,290.6,271.6,275.3,271.9,0.2,0,0.2,127.3,367.1,177.9,80,90.2,87.4,0,0,0,17.9,13.9,12.8
145,59.156,58.501,59.509,-37.716,-43.915,-40.043,2035.2,1062.7,1861.2,775.6,878,793.4,292.3,285.8,290.7,271.8,275.3,272.1,0.1,0,0,128.7,337.6,148.2,83.3,90.6,87.9,0,0,0,8.6,6.9,6.7
146,59.239,58.593,59.642,-37.785,-44.28,-40,2018.3,1063.5,1874.6,776.9,877.8,791.7,292.4,285.8,291.1,272,275.3,272.2,0,0,0,131.5,315.4,120.5,85.5,91.4,87.5,0,0,0,0,0,0
147,59.333,58.699,59.783,-37.818,-44.633,-39.907,2000.9,1067.9,1888.7,778.4,877.4,790.2,292.5,285.8,291.5,272.3,275.3,272.5,0.1,0,0,146.4,301.3,120.9,83.8,93,85.5,0,0,0,0,0,0
148,59.439,58.816,59.932,-37.802,-44.937,-39.768,1986.4,1102.9,1889,779.6,873.7,790,292.7,285.9,291.8,272.5,275.1,272.7,0.1,0,0,158.6,267.2,138.7,80.6,94.6,82.2,0,0,0,0,0,0
149,59.56,58.934,60.093,-37.73,-45.174,-39.586,1972.6,1180.2,1876.5,780.8,865.4,791.1,292.9,286.2,291.9,272.9,274.6,273,0,0,0,168.3,235.4,169.4,75.8,96.4,79,0,0,0,0,0,0
150,59.692,59.042,60.264,-37.606,-45.337,-39.358,1954.9,1272.2,1856.5,782.4,855.6,793,292.9,286.5,291.9,273,274,273.1,0.2,0.1,0.2,191.6,190.2,207.5,72.7,97.7,77.1,0,0,0,7.1,10.8,9.6
151,59.833,59.136,60.442,-37.439,-45.434,-39.08,1933.8,1345.1,1836.9,784.4,848.1,794.9,292.8,286.7,291.9,273.1,273.5,273.3,0.1,0.1,0.1,213.3,153.7,241.9,70.8,97.9,76.2,0,0,0,16.7,22.1,20.9
152,59.975,59.221,60.63,-37.231,-45.481,-38.759,1916.5,1396.4,1822.3,786,842.9,796.4,292.5,287,291.9,273,273.2,273.5,0,0,0,236.7,116.8,265,71,98,77.4,0,0,0,29.6,33.8,38.1
153,60.119,59.297,60.825,-37.005,-45.484,-38.401,1906.8,1428,1815,786.8,839.4,796.9,292.6,287.1,291.9,273.1,273,273.5,0.1,0.1,0,260.3,82.5,286.4,76.6,98.2,80,0,0,0,41.4,43.2,58.4
154,60.269,59.362,61.028,-36.765,-45.447,-37.996,1901.2,1443.2,1813.4,787.1,837.7,796.8,292.7,287.1,292,273.3,272.8,273.6,0.1,0.1,0,285.9,51.8,310.3,78.6,98.6,76.7,0,0,0,61.6,52.8,90.7
155,60.428,59.421,61.239,-36.493,-45.373,-37.554,1896.1,1445,1811.7,787.5,837.3,796.8,292.8,286.9,292,273.4,272.7,273.6,0.2,0.2,0,303.8,27.1,317.5,76.1,99.1,73.3,0,0,0,90,62.7,129
156,60.592,59.479,61.445,-36.141,-45.286,-37.092,1887.8,1448.6,1801.3,788,836.8,797.6,293.1,287,292.3,273.7,272.7,273.9,0,0.2,0,328.8,30.5,345,70.8,98.8,71.3,0,0,0,157.8,76.8,197.3
157,60.752,59.543,61.642,-35.693,-45.206,-36.602,1873.1,1468.3,1778.8,789.1,834.6,799.7,293.4,287.2,292.3,274.1,272.7,274.2,0,0.1,0,355,36.5,377.7,65.6,98.6,72.8,0,0,0,258.5,90.2,258.5
158,60.903,59.613,61.832,-35.184,-45.134,-36.097,1851.1,1504.7,1749,791,830.6,802.5,293.7,287.5,292.4,274.6,272.6,274.6,0,0,0,393.5,45.4,439,60.9,98.4,75.3,0,0,0,355.9,102.9,313.5
159,61.037,59.692,62.013,-34.661,-45.07,-35.559,1829.5,1551,1723.7,793,825.8,805,293.4,287.8,292.3,274.6,272.4,274.7,0,0.1,0,435.2,60.2,511.7,63.1,98.5,74.5,0,0,0,362.5,103.2,292.8
160,61.151,59.776,62.182,-34.138,-45.017,-34.971,1814.3,1595.9,1713.2,794.4,821.1,806.1,293,288.1,292.3,274.3,272.3,274.8,0,0.1,0,474.9,75.6,567.1,69.7,98.7,69.9,0,0,0,342.1,103.6,353.4
161,61.249,59.857,62.334,-33.596,-44.971,-34.36,1802.3,1630.2,1714.3,795.6,816.3,805.9,292.8,288.4,292.6,274.2,272.1,275.1,0,0.2,0,473.1,101.6,540.9,73.3,99.1,65.6,0,11.6,0,341.7,103.9,365.3
162,61.331,59.929,62.469,-33.019,-44.938,-33.742,1789.2,1652.6,1720.5,796.9,812.3,805.4,292.9,288.7,292.5,274.4,272,274.9,0.1,0.2,0,443.4,92.2,540.2,71.8,99,68.4,0,27.1,0,274.1,76.4,293.7
163,61.39,59.989,62.589,-32.407,-44.928,-33.119,1778.4,1671,1728.5,798,809.7,804.7,292.9,288.8,292.2,274.6,271.9,274.6,0.1,0.1,0,440.5,66.4,523.6,70.5,98.8,73.8,0,33.6,0,201.6,47.6,226.2
164,61.427,60.035,62.694,-31.768,-44.923,-32.496,1774.7,1694.4,1732.8,798.4,804.3,804.5,292.9,289.2,291.9,274.7,271.7,274.3,0,0,0,422.5,51.9,499.4,69.2,98.3,78.2,0,63.1,0,105.9,22.9,128.7
165,61.446,60.067,62.796,-31.116,-44.903,-31.872,1774.2,1707.8,1723.9,798.6,799.5,805.5,293,289.4,292,274.7,271.4,274.5,0,0.1,0,407.2,59.7,549,70.2,98.4,78.8,0,96.7,0,84.7,19,78
166,61.453,60.079,62.899,-30.466,-44.886,-31.256,1773.9,1686.6,1694.7,798.7,799.7,808.7,293,289.3,292.1,274.7,271.4,274.9,0,0.2,0,416.8,53.7,621.6,72.1,98.6,79.7,0,115.2,0,60.9,12,58.6
167,61.449,60.068,63,-29.824,-44.894,-30.651,1768.1,1622.3,1649,799.4,807.4,813.5,292.9,288.9,292.2,274.7,271.7,275.4,0,0.3,0,411.8,36.8,685.7,75,99,80.5,0,102.7,0,37,3.2,42.8
168,61.432,60.03,63.105,-29.226,-44.959,-30.054,1750.2,1506.7,1619.1,801.4,825,816.9,293.1,288,292,275.1,272.5,275.6,0,0.4,0.1,400.3,26.2,633.1,73.7,99.3,80.5,0,41.9,0,26.1,0.9,33.4
169,61.4,59.968,63.21,-28.698,-45.072,-29.488,1724.1,1361.2,1626.1,804.3,844,816.5,293.2,287.1,292,275.5,273.4,275.5,0,0.2,0.1,407.2,23.1,583,72.6,99.5,80,0,0,0,13.7,0.2,16.8
170,61.359,59.914,63.308,-28.239,-45.154,-28.965,1693.7,1258.7,1661.9,807.7,854.5,813.1,293.4,286.7,292.1,276,274.1,275.3,0,0,0,418.2,29.9,518.9,70.4,99.4,78.1,0,0,0,0,0,0
171,61.307,59.887,63.403,-27.851,-45.194,-28.496,1666.6,1224,1698.1,811,858,809.8,293.3,286.6,292.2,276.2,274.3,275.1,0,0.3,0,395.6,30.2,516.6,69.4,99.1,76.5,0,0,0,0,0,0
172,61.236,59.888,63.504,-27.535,-45.223,-28.086,1646.8,1249.5,1708.3,813.6,855.1,809.2,293.2,286.8,292.2,276.4,274.3,275,0,0.5,0.1,364,30.1,511.9,68.8,99.1,76,0,0,0,0,0,0
173,61.146,59.915,63.609,-27.288,-45.266,-27.736,1630.7,1332.3,1704,815.8,846.2,810,293.1,287.4,292.1,276.5,274,275,0,0.8,0.1,333.6,27.6,500.5,67.9,99.3,76.3,0,0,0,0,0,0
174,61.041,59.963,63.717,-27.084,-45.342,-27.44,1632.6,1415.4,1691.7,816.2,837.5,811.7,293.1,287.9,292.1,276.5,273.7,275.2,0,1,0,307.9,25.2,528.5,65.7,99.4,77.3,0,0,0,16.4,9.5,15
175,60.934,60.02,63.839,-26.89,-45.473,-27.184,1666,1468.1,1675.2,813.4,831.1,813.8,293.5,288.4,292,276.7,273.5,275.3,0,0.5,0,273.1,21.7,555.1,60.1,99.2,78.1,0,10.4,0,31.7,19.2,28.3
176,60.827,60.095,63.988,-26.71,-45.646,-26.949,1719.7,1502.4,1666.4,808.5,824.4,815.1,294.4,288.8,292,277,273.2,275.4,0,0,0,238.2,26.9,563.2,53.1,98.6,79.5,0,41.5,0,46.7,30.1,40
177,60.722,60.182,64.164,-26.575,-45.79,-26.735,1770.1,1528.2,1667.9,804.2,819.1,815.3,294.9,289,291.9,277,272.9,275.3,0,0.4,0,229.5,42.4,545.6,51.5,98.5,81.2,0,67.8,0,59.6,40.1,60.3
178,60.628,60.271,64.351,-26.506,-45.843,-26.549,1811.1,1537,1670.6,800.7,815.4,815.3,295.3,289,291.7,277.1,272.6,275.2,0,0.8,0.1,231,63.7,524.5,50.2,98.7,82.4,0,94.7,0,73.2,52.5,82.1
179,60.545,60.363,64.549,-26.501,-45.785,-26.385,1848.8,1522.2,1681.3,797.6,812.8,814.6,295.7,289,291.5,277.1,272.3,274.9,0,1.2,0,243.6,107.7,500.9,48.6,98.6,84.5,0,136.2,0,87.6,67.7,104.3
180,60.473,60.451,64.759,-26.553,-45.569,-26.234,1877.7,1531.9,1725.5,795.2,804.1,810.1,295.7,289.7,291.3,276.9,272.1,274.3,0,1.2,0,258,212.8,498.6,50.2,96,88.8,0,213,0,174.5,83,155.3
181,60.409,60.508,64.982,-26.651,-45.152,-26.089,1889.6,1555.8,1804.8,794.4,789.6,802.5,295.5,290.7,291.5,276.7,271.6,273.7,0,0.1,0,265,355.3,504.3,52.2,92.3,91.4,0,335,0,257.7,117.7,196.3
182,60.353,60.541,65.215,-26.79,-44.512,-25.958,1880.5,1581.3,1887.5,795.6,749.3,794.5,295.2,293.7,292,276.4,270.2,273.4,0,0,0,261.9,558.1,489.7,55.4,91.2,89.5,0,735.8,0,336.9,150.8,214.9
183,60.306,60.578,65.448,-26.952,-43.483,-25.829,1861.7,1830.1,1960.4,797.6,729.3,787.5,294.6,294.9,292.6,276.2,269.2,273.2,0,0.4,0,278.6,458.2,452.5,59.9,95.4,88.6,0,708.9,0,345.3,98.7,194.3
184,60.272,60.681,65.674,-27.125,-42.552,-25.67,1857.3,1726.6,2024.4,798.2,787.1,781.3,294.3,289.8,292.9,275.9,270.5,272.9,0,0.9,0,294.2,302.2,432.5,63.5,98.8,89,0,201,0,357.9,42.9,162.1
185,60.254,60.739,65.892,-27.305,-41.68,-25.45,1873.2,1371.6,2081.9,796.9,844.2,775.7,294.1,287.1,293.1,275.6,273.5,272.6,0,1.6,0.1,287.4,464.9,452.7,65.4,99.9,89.6,0,0,0,367,29.9,122.8
186,60.248,60.74,66.116,-27.492,-40.758,-25.167,1886.2,1105.7,2128.1,795.8,873.1,771.3,294,286.2,293.3,275.4,275.3,272.3,0,1.4,0,261.8,582.3,454.4,65.5,99.3,90.8,0,0,0,293.9,25.5,89.2
187,60.252,60.681,66.351,-27.682,-39.8,-24.881,1889.3,999.6,2142.2,795.7,885.2,770,293.8,286.2,293.5,275.1,276.4,272.4,0,0.6,0,240.7,574.4,368,67.7,97,89.9,0,0,0,216.1,23.3,80.1
188,60.268,60.578,66.579,-27.871,-38.886,-24.574,1896.7,949.5,2107.7,795.3,891.4,773.6,293.5,286.6,293.4,274.8,277.3,272.6,0,0,0,224.7,556.1,333.3,70.4,94.4,90.7,0,0,0,133.8,21.2,68.4
189,60.299,60.465,66.79,-28.057,-38.062,-24.228,1918.8,934.6,2057.8,793.2,893.9,778.4,293.4,286.9,293.2,274.5,277.9,272.9,0,0.1,0.1,242.7,486.9,387.5,71.1,87.2,90.7,0,0,0,102,18.1,50.7
190,60.35,60.37,66.989,-28.242,-37.323,-23.834,1950.7,949.6,2036.1,790.1,893.1,780.5,293.4,287.3,293.1,274.3,278.1,273,0,0,0.1,267.3,483,424.5,70.7,81,86.4,0,0,0.5,72,23.5,27
191,60.419,60.303,67.187,-28.422,-36.654,-23.389,1996.9,965.2,2053,785.6,892,778.9,293.7,287.7,293.3,274,278.5,273,0,0,0.2,291.4,468.5,335.2,69.3,77.6,83,0,0,0,40.5,24.6,16.9
192,60.506,60.279,67.38,-28.601,-36.054,-22.939,2042.2,967,2067.4,781.1,892.4,777.4,294.4,287.7,293.4,274.3,278.5,273,0,0,0,293.8,475.5,303.6,63.5,78.8,86.7,0,0,0,26.1,16.6,13
193,60.609,60.295,67.561,-28.78,-35.534,-22.501,2068.1,969.7,2068.3,778.5,892.7,777.2,294.7,287.5,293.6,274.3,278.4,273.2,0,0,0.2,300.9,483.1,320.8,61,79.4,87.2,0,0,0,12.4,9.2,7.3
194,60.73,60.353,67.728,-28.956,-35.09,-22.05,2079.9,949.5,2054.8,777.2,895.4,778.5,294.7,287.2,293.8,274.2,278.3,273.5,0,0,0,314.5,499.8,359.1,60.7,81.8,87.3,0,0,0,0,0,0
195,60.858,60.464,67.888,-29.138,-34.681,-21.596,2095.4,926,2032,775.9,898.3,780.8,294.6,287,293.9,273.9,278.4,273.8,0,0,0.1,364.2,484.8,323,61.6,81.9,88.9,0,0,0,0,0,0
196,60.977,60.636,68.038,-29.35,-34.293,-21.148,2127.3,934.6,2021.5,773,897.6,782,294.5,287,294.2,273.6,278.3,274.2,0,0,0,408.2,512.5,297.6,63.5,82.8,85.4,0,0,0,0,0,0
197,61.086,60.871,68.17,-29.591,-33.946,-20.701,2184.9,987.6,2023.3,767.5,892.2,781.9,294.4,287.2,294.7,273,278,274.6,0,0,0,434.4,567.9,280.1,65,83.9,77.8,0,0,0,0,0,0
198,61.211,61.146,68.28,-29.81,-33.654,-20.275,2265.7,1056.4,2016.2,760.1,885,782.7,295.5,287.5,294.7,273.1,277.6,274.7,0,0,0.5,432.4,595.7,247.8,56.3,83.1,78.2,0,0,0,28.6,44.1,2.7
199,61.377,61.445,68.375,-29.965,-33.408,-19.868,2346.7,1096.8,1996.2,752.6,880.7,784.8,296.5,287.6,294.6,273.3,277.3,274.8,0,0,0.2,455.7,606,221.2,47.7,84.2,80.3,0,0,0,48.7,84.7,5.8
200,61.576,61.771,68.455,-30.077,-33.199,-19.462,2418.6,1132,2003.9,746,877,784.1,297.5,287.6,294.5,273.6,277,274.7,0,0,0,518.8,609.3,201.7,41,85.8,80.8,0,0,0,65.3,119.7,10.3
201,61.788,62.123,68.538,-30.181,-33.015,-19.036,2500.9,1195.7,2007.7,738.5,870.2,783.8,297.9,287.9,294.7,273.1,276.6,274.8,0,0,0.2,560.5,610.7,184.2,40.3,85.5,81.3,0,0,0,74.9,151.7,12.8
202,62.007,62.499,68.626,-30.302,-32.852,-18.575,2605.3,1277.8,1949.6,728.9,861.4,789.7,298.3,288.3,294.6,272.5,276.2,275.3,0,0,0.5,559.9,591.4,161,39.9,84.6,85.5,0,0,0,78.5,192.7,16.4
203,62.246,62.898,68.703,-30.433,-32.712,-18.046,2700.3,1373.6,1912.6,720.2,851.5,793.5,298.7,288.7,294.7,271.9,275.7,275.8,0,0,0.9,563.2,575.3,163.2,38.9,83.9,88.6,0,0,0,84,231.1,19.6
204,62.518,63.306,68.755,-30.536,-32.59,-17.491,2760.1,1477.5,1816.5,714.5,840.5,802.9,299,289.1,294.4,271.6,275,276.5,0,0,0,620.4,553,120,35.8,86.9,89.2,0,0,0,131.2,310.9,35.1
205,62.814,63.705,68.778,-30.581,-32.461,-16.963,2789.6,1555.6,1569,711.6,832.2,827.7,299.1,289.1,293.4,271.3,274.3,277.9,0,0,0,646,554.4,84.4,35.9,92.1,90.7,0,0,0,167.7,368.5,52.7
206,63.125,64.096,68.798,-30.574,-32.308,-16.405,2801.4,1592.2,1285.8,710.4,828.2,856.7,299,289.1,292,271.2,273.9,279.3,0,0,0,652.8,561.2,84.3,36.7,96.1,94.3,0,0,0,187.6,394.4,70.3
207,63.454,64.474,68.808,-30.504,-32.111,-15.819,2815,1605.4,1069,709.1,826.9,879.9,298.8,289,290.7,270.8,273.6,280.2,0,0,0,676.1,498.9,87.8,42,97.7,96.3,0,0,0,156.8,359.9,77.1
208,63.798,64.841,68.8,-30.356,-31.848,-15.263,2827,1600.1,948.4,707.9,827.5,892.9,298.6,288.7,290.2,270.5,273.5,280.9,0,0,0.1,701.3,530.9,78.3,45.5,99.2,97.1,0,0,0,119.9,296.8,81.7
209,64.144,65.208,68.809,-30.132,-31.489,-14.728,2810.7,1575.3,887.3,709.1,830,899.8,298.5,288.8,290.1,270.5,273.8,281.5,0,0,0.1,716.5,576.5,86.2,45.5,99.1,97.8,0,0,0,96.1,210.9,89.5
210,64.497,65.565,68.829,-29.823,-30.988,-14.189,2788.3,1551.9,833.5,711,832.3,905.9,298.3,288.7,289.7,270.6,273.9,281.6,0,0,0,714.3,476.5,81.8,44.3,99.3,98.5,0,0,0,75.9,124.7,80.7
211,64.85,65.914,68.827,-29.421,-30.3,-13.664,2790.7,1564.2,789.8,710.7,830.9,910.9,298.3,288.8,289.4,270.6,273.9,281.8,0.1,0.1,0,690.6,388.9,73.6,44.7,98.4,98.3,0,0,0,51.4,79.3,67.5
212,65.168,66.258,68.801,-28.905,-29.454,-13.174,2813.5,1632.1,777.6,708.6,823.6,912.5,298.5,289.3,289.4,270.5,273.7,281.9,0,0,0,652.8,445.8,68.4,45.8,98.7,98.1,0,0,0,24.8,40.2,61.1
213,65.459,66.61,68.754,-28.284,-28.495,-12.689,2832.6,1658.4,770.8,706.6,820.5,913.2,298.4,289.4,289.3,270.1,273.4,281.9,0.1,0.1,0,651.9,359.1,79.5,53.1,99,98,0,0,0,23.4,25.1,55.8
214,65.755,66.985,68.681,-27.541,-27.397,-12.179,2839.1,1581.6,758,705.7,828.2,914.6,298.4,288.8,289.2,270.1,273.6,281.9,0.1,0.1,0,618.1,333.9,80.7,48.7,99.5,98.2,0,0,0,19.4,18.2,46.9
215,66.019,67.365,68.587,-26.662,-26.217,-11.677,2839.3,1489.8,757.8,705.2,837.4,914.6,298.5,288.5,289.3,270.1,274.2,282,0.2,0.2,0,572.8,318.5,81.2,45.2,99.3,99.2,0,0,0,13.5,17.3,31.8
216,66.273,67.768,68.472,-25.734,-25.013,-11.197,2842,1381.5,778.6,704.7,848.5,912.2,298.4,288.1,289.4,269.9,274.9,281.9,0.4,0,0.3,548.5,352.7,102,58.4,97.7,99.1,0,0,0,15.6,6.6,19.9
217,66.5,68.175,68.345,-24.741,-23.766,-10.717,2832.6,1318.5,799.9,705.1,855,909.6,298.5,288,289.7,270.1,275.4,281.9,0.2,0,0.1,508.4,321.4,122,57.5,95.6,99.2,0,0,0,11.8,6,9.7
218,66.66,68.549,68.213,-23.692,-22.522,-10.217,2757.3,1290.8,797.2,708.7,857.9,909.8,298.6,287.9,289.9,270.6,275.6,282.1,0,0,0,493.1,316.8,141.6,45.3,93.4,99.3,29.3,0,0,0,0,0
219,66.76,68.88,68.056,-22.554,-21.31,-9.685,2724.2,1270.7,769.1,706.8,860.5,912.8,299.2,288,289.7,270.9,275.9,282.3,0.4,0,0.1,556.9,303.3,165.7,41.1,92,99.5,80.7,0,0,0,0,0
220,66.807,69.148,67.858,-21.346,-20.129,-9.134,2693.4,1300.1,743.6,714.1,857.7,915.5,298.9,288.4,289.5,271.5,276.1,282.3,0.5,0,0.2,444.5,256.7,184,43.5,90.1,99.4,27.2,0,0,0.3,0,0.4
221,66.759,69.352,67.632,-20.166,-18.952,-8.595,2668.8,1304.4,742.5,716.8,857.7,915.6,298.9,288.6,289.7,271.7,276.2,282.4,0.4,0,0.2,345.5,198,185.7,36.8,81.5,99.6,17.5,0,0,0,0,0
222,66.641,69.492,67.382,-19.034,-17.789,-8.037,2611.4,1308.6,748.1,708.9,857.6,914.9,299.6,289.3,289.8,271.4,276.9,282.5,1.6,0,1.6,287.6,170.7,201.3,41.6,80.7,99.5,164.3,0,0,2.7,13.3,2
223,66.484,69.577,67.098,-17.818,-16.658,-7.443,2695.1,1296.3,730.7,695.6,859.2,916.6,300.1,289.8,289.7,270.5,277.5,282.6,0.4,0,0.6,263.5,180,246.7,42.6,71.5,99.7,225.3,0,0,2.6,27.5,1
224,66.241,69.609,66.769,-16.597,-15.53,-6.847,2745.6,1244.5,673.4,690.5,865,922.8,300.8,290,289.5,270.6,278.2,282.9,0,0,0,207.9,179.9,277.5,27.8,62.9,100,231.6,0,0,6.1,40.3,0
225,65.914,69.603,66.423,-15.493,-14.388,-6.257,2866.5,1201.1,627.1,673.7,870,927.9,301.8,289.9,289.3,269.5,278.5,283.2,0.1,0,0.2,268.6,161.7,278.9,27.8,64,100,306,0,0,7.8,53.6,1.5
226,65.538,69.559,66.05,-14.465,-13.266,-5.683,3073.8,1177.7,603,659.1,872.8,930.6,302.2,289.9,289.2,268.2,278.8,283.3,0.2,0,0.4,186.1,151.1,325.6,26.4,62.1,100,269.6,0,0,6.8,87,1.9
227,65.079,69.473,65.643,-13.523,-12.185,-5.135,3255.7,1129.3,551.3,649.4,878.4,936.4,302.1,289.9,289.1,267,279.4,283.7,0.3,0,0.6,96.3,150.4,348.6,21,56,100,196.2,0,0,19.1,103,7.3
228,64.589,69.354,65.234,-12.779,-11.145,-4.565,3397.1,1053.4,483.5,653.7,886.7,943.9,302,289.7,288.9,267.5,279.9,284.1,0.9,0,0.9,172.8,146.3,342.2,23.6,56.1,99.8,0,0,0,54.7,138.3,15.7
229,64.084,69.217,64.789,-12.185,-10.133,-3.968,3489.2,995.1,428.3,645.7,893.1,950.1,302.1,289.5,288.6,266.5,280.3,284.4,0.1,0,0.7,220.9,156.3,380.5,21.6,55.5,99.2,0,0,0,78.4,202.1,24.1
230,63.529,69.064,64.292,-11.692,-9.156,-3.369,3625.8,965.6,367,634.2,896.4,956.8,301.9,289.7,288.3,265,280.8,284.7,0,0,0,317.6,168.5,385.3,26.8,51.5,99.7,0,0,0,152.4,294.9,29.9
231,62.96,68.891,63.778,-11.341,-8.212,-2.746,3756.8,968.3,312.7,623.4,896.3,963.4,302.4,289.7,288.1,264.1,280.8,285,0.1,0,0.5,382.5,172.1,396.5,31.7,51.9,99.6,0,0,0,181,334.6,27.7
232,62.365,68.698,63.276,-11.093,-7.306,-2.14,3859.3,985.9,264.5,614.8,894.7,969.3,302.5,289.8,288,263.2,280.7,285.5,0.1,0,1.3,562.2,168,423.1,31.4,53,99.5,0,0,0,248.8,342.9,28.1
233,61.719,68.484,62.761,-11.034,-6.464,-1.428,4007.2,1003.9,210.5,602.2,893.1,976,302.1,290,287.8,261.3,280.8,285.8,0.1,0,1,723.6,150.2,515.5,37.1,52.4,99.8,0,0,0,383.5,360.9,33.7
234,61.034,68.255,62.244,-11.115,-5.684,-0.693,4169.2,1015.8,174.3,589.7,892.1,980.7,303.1,290.2,287.7,260.5,280.9,286.1,0.2,0,0,675.7,146.4,563.8,29.4,52.1,98.2,0,0,7.2,449.7,334.6,54.7
235,60.332,68.017,61.737,-11.293,-4.964,0.003,4304.6,1008.5,152.5,579.4,893.2,983.2,302.9,290.2,287.7,259,281,286.3,0,0,0,647.8,136.9,552.8,36.8,51.7,97.5,0,0,23.4,356.7,319.1,69.3
236,59.631,67.77,61.251,-11.623,-4.297,0.672,4454.4,987.6,157,567.8,895.8,985.1,302.4,290.2,288,257.1,281.2,286.8,0,0,0,704.8,155.1,565.6,47.6,51.8,96.7,0,0,7.7,287.1,325.6,82.8
237,58.933,67.515,60.763,-12.087,-3.664,1.268,4624.1,983.6,171.5,554.7,896.2,985.2,303.4,290.1,288.4,256.3,281.1,287.2,0.2,0,0.1,865.2,178.9,585.1,37.1,52.3,93.8,0,0,0,303.6,302.8,103
238,58.248,67.262,60.279,-12.664,-3.068,1.76,4788.9,991.5,171.6,542.3,895.4,986.1,302.9,290,288.5,254.3,281,287.3,0,0,0,954.6,196.7,602.8,50.9,53,91.5,0,0,0,280.4,273.8,180.7
239,57.613,67.014,59.82,-13.343,-2.521,2.182,4905.2,997.8,164.6,533.8,894.7,987.7,302.5,290.2,288.6,252.7,281.1,287.6,0,0,0,1012.9,234.6,612.3,64.3,51,89.6,0,0,0,263.3,269.8,231.9
240,57.045,66.769,59.396,-14.148,-2.019,2.552,5010.6,1000,160.8,526.2,894.4,988.7,303.4,290.3,288.6,252.4,281.2,287.7,0,0,0,988.5,262.9,582,47.6,50.2,87.6,0,0,0,169.8,200.8,162.4
241,56.521,66.521,59.009,-15.035,-1.548,2.864,5089.9,995.4,160.6,520.5,894.9,989.3,303.3,290.3,288.6,251.6,281.2,287.8,0,0,0,1018.1,271.8,578,62,50.7,87.8,0,0,0,82.2,116.3,111.8
242,56.029,66.278,58.659,-15.979,-1.119,3.107,5153.8,984.3,156.5,515.8,896.1,990.1,302.9,290.1,288.7,250.6,281.2,287.9,0,0,0,1046.6,248.8,565.6,85.7,50.4,85.8,0,0,0,0,24,13.8
243,55.621,66.048,58.346,-17.083,-0.751,3.271,5295.7,976.9,147.9,505.9,896.3,991.5,303.8,290,288.7,249.9,281.1,288,0,0,0,1124.2,207.3,563.7,62.9,50.1,83.9,0,5.8,0,0,16,7.7
244,55.274,65.831,58.064,-18.277,-0.432,3.362,5418.7,974.4,140.9,497.4,895.8,992.6,304.2,290,288.7,249.1,281,288.1,0,0,0,1156.9,220,548.5,78.9,50.1,83.3,0,13.3,0,0,8.3,2.9
245,54.951,65.622,57.805,-19.455,-0.151,3.386,5452.7,973.8,138.1,495,895.2,993.2,304.1,290.1,288.7,248.7,281.1,288.1,0,0,0,1166,249.9,548.6,98,49.8,82.6,0,19.9,0,0,0,0
246,54.758,65.413,57.562,-20.688,0.097,3.357,5518.9,983.7,138.5,490.4,894.2,993.5,304.1,290.2,288.7,248,281.1,288.2,0.1,0,0,1205.8,287.8,570.3,82.4,49.3,81.5,0,21.1,0,18.3,11.8,5.3
247,54.645,65.202,57.334,-21.954,0.324,3.283,5588,1023.3,140.7,486,890.7,993.7,304.7,290.4,288.7,247.9,280.9,288.2,0.1,0,0,1217.6,317.5,607.8,86.3,49.1,81.2,0,15.8,0,55.3,22.4,10.7
248,54.578,64.994,57.119,-23.174,0.527,3.168,5603.7,1093.3,146.6,485.1,883.8,993.4,304.8,290.6,288.6,247.8,280.5,288.1,0,0,0,1199.1,349.5,665.7,98.7,47.7,81.6,0,11.1,0,95.9,32,16
249,54.648,64.788,56.912,-24.351,0.708,3.017,5623.7,1152.5,155.5,483.8,878,992.6,304.4,291,288.7,247.3,280.3,288.1,0,0,0,1188.8,301.3,684.3,91.7,47.2,81.3,0,6.8,0,141.3,41.5,18.7
250,54.798,64.59,56.704,-25.541,0.87,2.84,5613.7,1166.1,159.5,484.5,877.1,992.3,304.8,291,288.7,247.7,280.3,288.1,0.1,0,0,1163.6,245.3,679.6,92.7,47.3,80.5,0,3,0,170.5,50.5,21
251,55.023,64.405,56.501,-26.68,1.008,2.637,5598.3,1147.9,159,485.3,879.4,992.7,304.9,290.9,288.6,247.9,280.3,288,0.1,0,0,1157.6,181.1,699.7,99.8,47.9,80.4,0,0,0,188.5,59.2,22.6
252,55.344,64.237,56.306,-27.727,1.113,2.419,5639.3,1127.7,160.8,482.4,881.5,992.4,304.6,290.5,288.7,247.2,280.2,288,0.1,0,0,1128.9,231,680.4,95.9,49.2,78.9,0,0,0,287.6,200.2,171.7
253,55.719,64.083,56.121,-28.725,1.181,2.186,5678.3,1134.9,168,479.7,880.6,991.5,305.3,290.3,288.7,247.4,280,288,0.1,0,0,1087.7,303.3,671.2,95.2,50.5,78.2,0,0,0,390.2,343.9,304
254,56.16,63.941,55.938,-29.681,1.216,1.934,5655.8,1178.5,181.6,481,875.8,989.9,305.5,290.4,288.7,247.8,279.5,287.8,0,0,0,1051.9,389.8,682.1,100,51.6,78.2,0,0,0,383.6,488.3,421.8
255,56.676,63.8,55.754,-30.519,1.232,1.66,5612.1,1231.2,199.2,483.7,870.1,988.2,305.2,290.7,288.6,247.9,279.3,287.6,0,0,0,927.9,389.9,690.6,98.5,51.6,78,0,0,0,281,534.9,445.9
256,57.233,63.658,55.571,-31.208,1.234,1.373,5542.1,1263.5,215.2,488.1,866.6,986.7,305.3,290.8,288.6,248.7,279.1,287.5,0,0,0,891.5,390,697.7,97.5,52.2,77.6,0,0,0,228.8,581.8,444.3
257,57.84,63.522,55.389,-31.757,1.218,1.073,5459.5,1270.2,226.4,493.7,866,985.7,305.3,290.7,288.6,249.4,279,287.4,0,0,0,957.7,387.2,682.3,100,53.2,76.9,0,0,0,287.7,629.3,394.1
258,58.504,63.394,55.214,-32.12,1.184,0.755,5392.9,1270.8,234.8,498.3,865.8,984.2,305,290.7,288.6,249.9,279,287.2,0.2,0,0,801.4,390.2,712.2,98.1,53.5,76.6,0,0,5.7,241.9,588.9,366.7
259,59.224,63.274,55.057,-32.254,1.133,0.408,5354.8,1288.3,243.2,500.9,863.9,982.4,305.1,290.7,288.5,250.3,278.8,287,0.1,0,0,670.4,398.4,761.2,97,53.8,76.7,0,0,13.9,187.3,552,355.6
260,59.989,63.16,54.913,-32.153,1.071,0.025,5299.2,1323.7,245,504.7,860.1,981.3,304.9,290.8,288.4,250.7,278.6,286.9,0,0,0,576.3,413,697.7,97.3,53.8,77,0,0,22.8,120.3,518.2,309.8
261,60.764,63.053,54.77,-31.788,0.997,-0.343,5226,1361.7,249.3,509.7,856,981.6,304.6,290.9,288.3,251.1,278.2,286.8,0,0,0,616,369.4,495.8,98.8,54,77.2,0,0.1,15.4,135,474.3,247.8
262,61.507,62.953,54.628,-31.133,0.912,-0.661,5160.1,1389.2,261,514.4,852.8,981.1,304.6,290.9,288.2,251.8,277.9,286.6,0,0,0,619.8,315.7,415.7,95.3,54.7,76.9,0,2.1,7.9,90.8,428.3,208.1
263,62.199,62.857,54.486,-30.191,0.815,-0.957,5091.7,1409.8,266.4,519.1,850.2,981.4,304.7,290.8,288.1,252.5,277.6,286.6,0.2,0,0,679.3,258,409.1,91.4,56,77,0,4.3,1,76.6,382.7,173.5
264,62.812,62.768,54.359,-28.96,0.705,-1.247,5073.4,1429.7,256.7,520.4,847.6,975.9,304.5,290.8,287.9,252.6,277.3,285.9,0,0,0,712.7,294.1,419,93.2,56.8,79.7,0,6.9,57.7,62,265.5,84.7
265,63.313,62.685,54.258,-27.478,0.58,-1.547,5071.1,1458.6,239.4,520.7,843.9,968.9,304.6,290.9,287.8,252.7,277.1,285.2,0,0,0,687.2,317.6,434,86.3,56.9,83,0,9.8,134.7,22.9,148.6,33.2
266,63.711,62.609,54.172,-25.843,0.44,-1.874,5025.2,1499,227.4,524.1,839.1,959.9,304.6,291.1,287.7,253.1,276.8,284.3,0,0,0,574.1,326,474.4,86.3,56.4,86.6,0,13.1,224.9,0,32,8
267,63.987,62.533,54.088,-24.11,0.284,-2.234,5024.4,1538.1,223.8,524.7,834.5,962.4,304.9,291.3,287.8,253.4,276.6,284.7,0,0,0,677.1,339.8,519.5,89.9,55.6,85.3,0,16.8,207.1,0,21.3,4.2
268,64.132,62.454,54.006,-22.411,0.113,-2.587,5048.5,1562.7,190.3,516.5,831.4,976.9,305.1,291.5,288,252.4,276.4,286.1,0,0,0,831.1,363.6,677.1,93.1,55,78.4,102.4,20.8,115.3,0.2,10.7,1.1
269,64.171,62.374,53.939,-20.835,-0.077,-2.93,4768.9,1576.4,141.3,529.1,829.7,992.5,304.7,291.5,288.4,254,276.3,287.8,0.2,0,0,1033.4,397.7,827.9,90.7,54.8,69.9,203.7,21.6,28,0,0,0
270,64.114,62.291,53.879,-19.461,-0.282,-3.278,4278.7,1591.8,99.1,544.6,828.6,998,304.4,291.6,288.2,255.7,276.3,288.1,0,0,0,1144.9,361.5,757,85.7,55.3,71.3,495.6,16.8,22.5,10.3,13.3,9.6
271,63.975,62.203,53.813,-18.29,-0.501,-3.615,4089.9,1610,75.5,557.3,827.2,998.6,304.3,291.5,287.8,257.4,276.1,287.7,0,0,0,820.9,323.6,638.4,76.2,56.2,75.4,513.7,11.7,43,21.5,26.7,17.1
272,63.733,62.11,53.738,-17.272,-0.736,-3.938,3980.3,1626.5,59.4,580.9,826,997.2,303.2,291.5,287.4,259.5,275.9,287.1,0,0,0,748.4,284.1,538.7,66.6,57.4,79.9,311.5,6.2,71.2,48.5,40,22.4
273,63.444,62.013,53.655,-16.377,-0.992,-4.24,3921.9,1648.2,45.8,604.7,824.1,998.6,301.1,291.5,287.2,260.7,275.8,287.1,0,0,0,688.8,260.4,419.9,73.4,57.5,79.7,68.2,0.2,73.2,75.8,53.4,31.5
274,63.139,61.912,53.571,-15.638,-1.261,-4.54,3914.2,1678.5,36.7,610.8,820.8,1002.2,300.7,291.8,287.1,261.1,275.7,287.3,0.1,0,0,705.4,247.8,327.7,72.4,57.3,77.5,0,0,55.2,126.9,67.9,41.1
275,62.809,61.812,53.482,-15.077,-1.543,-4.856,3898.2,1707,32.2,612.1,817.6,1007.3,301,292,287.1,261.5,275.6,287.7,0,0,0,747.5,235.1,256.8,63.4,57.1,74.4,0,0,20.8,161.4,83.5,51.5
276,62.447,61.708,53.383,-14.639,-1.849,-5.178,3885.2,1722.3,34.4,613.2,815.8,1008.4,301.1,292,287.2,261.7,275.5,287.9,0,0,0,727.3,318.4,235.4,66.3,58.1,72.2,0,0,0,285.6,240.1,181.4
277,62.051,61.591,53.277,-14.309,-2.189,-5.487,3872.1,1725.4,50.4,614.2,815.2,1005.3,301.2,291.9,287.7,262,275.3,288.1,0,0,0,786.4,388.8,280.2,62.3,59.6,70.9,0,0,0,403.4,398.7,302.6
278,61.633,61.464,53.179,-14.11,-2.557,-5.803,3850.9,1724.2,103,615.9,815,999,301.2,291.8,288.8,262.2,275.2,288.7,0,0,0,834.7,453.8,382,60.9,61.7,69.2,0,0,0,533.1,556.3,423.2
279,61.22,61.33,53.101,-14.054,-2.928,-6.153,3822.9,1718.5,206.4,618.1,815.4,985.8,301.1,291.7,289.6,262.4,275.1,288.4,0,0,0,844,476.5,527.3,66,62.8,68,0,0,14.4,587.7,600,455.8
280,60.825,61.188,53.032,-14.14,-3.283,-6.561,3812.5,1710,293.7,618.9,816.1,971.5,301.2,291.6,289.8,262.5,275.1,287.4,0,0,0.1,842.7,484.2,860.2,63.3,63,68.6,0,0,50.2,642.6,642.7,489.3
281,60.447,61.036,52.957,-14.355,-3.622,-7.018,3829.4,1688.9,327.6,617.4,818.1,963.8,301.4,291.5,289.7,262.5,275.2,286.6,0,0,0.2,859.1,466.9,1282.2,58.9,63.2,69.4,0,0,83.7,670.7,682.9,520.2
282,60.084,60.876,52.876,-14.711,-3.956,-7.495,3842.8,1661,331.1,615.9,820.9,963.6,301,291.4,289.2,262,275.3,286.2,0.1,0,0,879.7,463.3,1307.2,71,64.2,69.6,0,0,82,556,621,419.1
283,59.734,60.7,52.791,-15.234,-4.293,-7.962,3844.1,1646.2,320.4,615.3,822.2,964.3,301,291.1,289.1,261.9,275.3,286.1,0,0,0,863.9,506.4,1449.8,69.5,65.9,67.6,0,0,86.7,458.9,560.9,351.7
284,59.404,60.51,52.702,-15.914,-4.63,-8.421,3836.9,1655,322.8,615.5,821.1,962.2,301,291,289,261.9,275,285.8,0,0,0,856.3,556.6,1495.8,65.4,68.4,67.6,0,0,103.5,338.9,497.4,320
285,59.123,60.305,52.615,-16.725,-4.972,-8.885,3816.7,1686.4,348.9,616.5,817.7,955.9,300.8,291,288.4,261.9,274.7,284.7,0.1,0,0.1,961.3,544.3,1343.9,76.7,70,72.3,0,0,131.1,292.2,445.5,257.9
286,58.913,60.083,52.529,-17.609,-5.324,-9.342,3802.8,1727.9,384,617.1,813.1,952.9,300.8,291.1,287.9,261.9,274.4,283.9,0.1,0,0.1,1012.6,528.7,1158.7,74.8,69.9,76.9,0,0,121.6,228.5,384.9,187
287,58.77,59.84,52.439,-18.517,-5.689,-9.784,3823.8,1773.6,422,615,808.3,950.9,300.9,291.3,287.5,261.8,274.1,283.3,0.1,0,0,1051.5,563.3,998.8,69.8,71.1,79.8,0,0,100.9,156,312.9,120.6
288,58.694,59.574,52.353,-19.467,-6.066,-10.232,3822.8,1810,441.4,614.5,804.5,951.4,300.7,291.5,287.3,261.5,273.9,283.3,0.1,0,0.1,1068.5,637.7,855.4,76.1,71.6,79.9,0,0,75.3,93.7,198.6,71.7
289,58.666,59.284,52.278,-20.472,-6.458,-10.707,3822.8,1814,435.3,614.2,803.8,956.8,300.8,291.6,287.3,261.6,273.9,283.7,0.1,0,0,1065.5,709.3,867.6,69.5,70.5,77.8,0,0,32,45.8,104.6,35.4
290,58.72,58.968,52.21,-21.489,-6.888,-11.204,3882.9,1787.9,433.2,609,805.7,960.4,301.2,291.3,287.3,261.4,273.8,284,0,0,0,1097.3,811,966.1,65.1,73.3,76.4,0,2.5,0,0,8,0
291,58.855,58.627,52.153,-22.491,-7.356,-11.726,3912.4,1788.7,437.8,606.4,803.7,959.6,301.5,291.1,287.3,261.3,273.4,283.9,0.1,0,0,1063.6,797.7,1075.8,73.5,76.4,77.6,0,21,0,0,5.3,0
292,59.03,58.283,52.106,-23.501,-7.829,-12.279,3945.6,1822.5,447.3,603.6,801.3,958.3,301.9,291.1,287.2,261.3,273.2,283.7,0.1,0,0,1013.1,839,1174.6,70.1,75.8,77.7,0,10.7,0,0,2.7,0
293,59.25,57.947,52.064,-24.473,-8.306,-12.855,3952.5,1860.7,459.8,603.1,798.5,956.7,301.9,291.2,287.1,261.2,273,283.5,0.1,0,0,1037.7,876.6,1151.5,69.4,74.8,78.9,0,0,0,0,0,0
294,59.52,57.616,52.027,-25.365,-8.822,-13.462,3947.9,1878.9,489,603.7,796.9,953.7,302.2,291.3,287.1,261.5,272.9,283.2,0,0,0,990.5,922.1,1226.2,63.7,76.3,78.8,0,0,0,29.5,18.7,15.1
295,59.84,57.292,51.993,-26.128,-9.411,-14.109,3945.9,1872,522,604.3,797.7,950.2,302.4,291.2,287.2,261.8,273,283,0,0,0,957.6,948.7,1313,61.9,74.7,76.7,0,0,0,81.5,39.5,20.8
296,60.201,56.991,51.963,-26.763,-10.091,-14.785,3945.9,1919,518,604.7,793,950.9,302.5,291.3,287.1,261.9,272.6,283,0,0,0,918.2,980.9,1344.1,64.5,73.8,78.3,0,0,0,123.3,63.9,25.8
297,60.579,56.694,51.932,-27.275,-10.854,-15.467,3944.4,1973.8,506.1,605,787.4,952.2,302.6,291.5,286.9,262,272.2,282.9,0,0,0,932.8,1043.4,1401.5,57.2,75.8,80.1,0,0,0,161.8,84.7,30.9
298,60.981,56.401,51.894,-27.668,-11.683,-16.147,3935.5,1994.6,513.5,606,785.1,951.3,302.4,291.5,286.8,262,272,282.7,0,0,0,1002.8,1093.1,1448.3,62.5,75.4,82.1,0,0,0,189.8,105.9,43.9
299,61.413,56.135,51.851,-27.92,-12.543,-16.833,3920.6,2004.2,517.8,607.5,784.1,950.9,302.5,291.4,286.8,262.3,271.8,282.7,0,0.1,0,1027.8,1106.7,1540.9,59.1,74.7,81.5,0,0,0,221.1,122.2,72.2
300,61.842,55.901,51.815,-28.032,-13.455,-17.523,3911,1985.1,509.9,608.3,785.5,951.4,302.6,291.3,286.7,262.5,271.8,282.7,0,0,0,910.8,1174.3,1490,55.5,75.3,80.2,0,0,0,344.2,309.6,215.3
301,62.263,55.685,51.791,-28.001,-14.461,-18.21,3901.3,1958.5,483.4,609.2,787.5,954.1,302.3,291.2,286.6,262.3,271.9,282.7,0,0,0,839.4,1226.8,1435.4,62.2,74,80.3,0,0,0,442.5,495.3,377.2
302,62.67,55.518,51.777,-27.849,-15.543,-18.884,3899.7,1939.6,468.6,609.5,788.8,955.5,301.9,291.1,286.5,262,271.9,282.7,0,0,0,826.4,1265.6,1324.7,74,71.1,80.8,0,0,0,546.7,676,533.4
303,63.036,55.393,51.777,-27.592,-16.66,-19.564,3902.2,1938.5,463.5,609.3,788.4,956,301.9,290.8,286.2,262,271.7,282.6,0,0,0,778,1293.8,1364.1,67.7,75.7,80.3,0,0,0,552.2,713.2,564.8
304,63.358,55.292,51.794,-27.215,-17.812,-20.269,3911.1,1942.5,452.9,608.6,787.6,957.1,301.8,290.7,286.1,261.8,271.4,282.5,0,0,0,695.7,1338.8,1420,73.3,73.5,79.6,0,0,0,506.4,751.5,555.7
305,63.665,55.261,51.832,-26.726,-19.002,-21.005,3925.2,1966,442.9,607.4,784.9,958.1,301.6,290.7,286,261.5,271.2,282.6,0,0,0,648.8,1324.4,1461,87.1,70.8,79.3,0,0,0,528.5,777.7,476.8
306,63.916,55.282,51.885,-26.111,-20.204,-21.76,3952,1959.8,437.5,605.2,785,958.5,302,290.5,286,261.6,271.1,282.5,0,0.1,0,568,1335.3,1417.9,72.4,76.2,78.9,0,0,0,499.8,635.9,380
307,64.126,55.348,51.954,-25.368,-21.384,-22.521,3970.6,1965.4,442.9,603.7,784.1,957.7,302,290.4,285.8,261.4,270.8,282.3,0,0,0,485.7,1348.1,1404.2,78.3,75.4,79.1,0,0,0,383.3,495.9,305.3
308,64.344,55.496,52.038,-24.449,-22.552,-23.283,3951.3,1992,452.2,605.2,781.2,956.5,301.7,290.3,285.6,261.3,270.4,282,0,0,0,537.3,1338.1,1414.2,93.1,75.3,81.3,0,0,0,258.7,356.2,210.7
309,64.502,55.695,52.136,-23.505,-23.699,-24.056,3894,2042.6,447.7,606.9,775.6,956.5,301.6,290.3,285.3,261.4,269.9,281.7,0,0,0,557.9,1306.9,1393.2,80.6,78.1,82.6,37.7,0,0,186.7,306.3,139.1
310,64.595,55.946,52.254,-22.533,-24.79,-24.837,3819.8,2061,451.6,605.1,773.4,955.7,301.7,290.2,285.1,261.3,269.6,281.5,0,0,0,608.5,1295.3,1335.1,84.1,75.5,83.2,136.5,0,0,147.8,230,94.1
311,64.67,56.273,52.404,-21.478,-25.812,-25.611,3719,2024.1,465.5,605.1,776.7,953.7,301.8,290.1,285.1,261.4,269.8,281.3,0,0,0,650.5,1244.4,1334.8,93.3,74.5,82.5,239,0,0,118.8,160.7,62.7
312,64.637,56.631,52.583,-20.525,-26.767,-26.39,3629.3,2003.9,476.9,599.7,778.2,951.8,302.6,289.8,284.9,261.4,269.7,280.9,0,0.2,0,663.6,1165.7,1304.1,81.6,81,83.1,400.9,0,0,77.5,97.4,32.7
313,64.498,57.022,52.783,-19.756,-27.638,-27.168,3623.4,2007,480.5,589.4,777.5,950.7,303.4,289.8,284.6,260.7,269.6,280.5,0,0.1,0,717.6,1123.7,1240.6,84.1,74.8,85.9,541,0,0,33.9,45.3,10.8
314,64.314,57.461,53.001,-19,-28.415,-27.943,3566.5,2011.3,476.2,579.6,776.9,950.8,304.4,289.6,284.5,260.4,269.4,280.4,0,0,0,947.1,1060.1,1202.1,96.1,75.4,88.2,723.7,0,0,2.5,0,0
315,64.075,57.918,53.244,-18.257,-29.091,-28.729,3462.5,2018.8,474.9,601.9,775.9,950.7,303.5,289.5,284.2,262.4,269.2,280.1,0,0,0,394.2,1026.4,1181.9,90.1,84.6,89.6,542.2,0,0,0.4,0,0